"Happiness","Friends","Quality","GPA","StudentID","SchoolID","SchoolContext"
86.1963861734538,12.7419168942933,3.14033199613914,2.7448120075278,1,1,"rich neighborhood"
80.3039611590098,8.87060365720782,3.46381075493991,1.47371562453918,2,1,"rich neighborhood"
80.3880544695005,10.7262568226747,4.44085539365187,2.07708491757512,3,1,"rich neighborhood"
81.4785488294465,11.2657252099221,4.53806982142851,2.93689563521184,4,1,"rich neighborhood"
78.5201728957915,10.808536646282,5.31794375414029,3.32747008791193,5,1,"rich neighborhood"
84.7148933677278,9.78775096781703,3.36983827129006,2.69094052468427,6,1,"rich neighborhood"
77.5098109387167,13.0230439948779,6.51522357482463,1.70111019583419,7,1,"rich neighborhood"
79.8607809537576,9.8106819231738,6.77542176144198,1.26994154904969,8,1,"rich neighborhood"
76.8015339526181,14.0368474277541,2.40114115318283,1.25683619477786,9,1,"rich neighborhood"
85.3282446758082,9.87457180189516,5.34698559995741,1.91565510840155,10,1,"rich neighborhood"
89.7794883540955,12.609739308447,6.42180715082213,3.00227954401635,11,1,"rich neighborhood"
70.6688341770694,14.5732907854022,4.62084450852126,1.00071668974124,12,1,"rich neighborhood"
85.6956376118015,7.22227859777532,4.78904379345477,1.62570987083018,13,1,"rich neighborhood"
95.5347520596206,9.44242246636526,6.62431509792805,3.79910238203593,14,1,"rich neighborhood"
82.1463975171543,9.73335732721268,6.10289650410414,3.77693424583413,15,1,"rich neighborhood"
78.5099103728831,11.2719007961401,4.47892539435998,3.20228290301748,16,1,"rich neighborhood"
76.8358838327982,9.43149415716785,5.92842354346067,1.99921595025808,17,1,"rich neighborhood"
77.3347224673478,4.68708915819045,1.68231165455654,2.54518998949789,18,1,"rich neighborhood"
90.5636649922257,5.11906614284896,5.5870465519838,3.2319239389617,19,1,"rich neighborhood"
83.9399089103434,12.6402266914604,4.74168074317276,2.85747772012837,20,1,"rich neighborhood"
87.1449918070893,9.38672281184305,1.89067964022979,2.87873603357002,21,1,"rich neighborhood"
85.2223783874175,6.43738313204,1.4815867994912,1.65147309470922,22,1,"rich neighborhood"
74.0613145839881,9.65616528848076,3.78441730793566,1.64970193291083,23,1,"rich neighborhood"
88.989774336622,12.4293493983452,5.67620896873996,2.16683508595452,24,1,"rich neighborhood"
79.7590150188798,13.7903869225299,5.4011677573435,3.82736707595177,25,1,"rich neighborhood"
88.9553621158115,9.1390617367876,5.90338266640902,3.88782404130325,26,1,"rich neighborhood"
80.0829317566607,9.48546123446214,2.02097488753498,3.21956583764404,27,1,"rich neighborhood"
89.1821104152638,6.47367382961044,6.6683219531551,3.19973771716468,28,1,"rich neighborhood"
80.6043651210242,10.9201947096625,2.76174304820597,2.60728386999108,29,1,"rich neighborhood"
76.7906835513419,8.72001024807976,1.89443231467158,1.00681889825501,30,1,"rich neighborhood"
82.7603456197996,10.9109002464824,5.31627154769376,2.82681235764176,31,1,"rich neighborhood"
82.6064187150234,11.4096746744576,2.94451571488753,3.51040467829444,32,1,"rich neighborhood"
80.9391768323006,12.0702070439398,5.67285699117929,3.25456768809818,33,1,"rich neighborhood"
79.1379972612844,8.78214724918558,3.36664601089433,2.35819471767172,34,1,"rich neighborhood"
73.5782615057486,11.0099102465959,5.0715572074987,2.60736998147331,35,1,"rich neighborhood"
85.01368923805,6.56598264185332,5.65495025645941,2.61213008593768,36,1,"rich neighborhood"
74.145308583679,8.43108198324101,2.12721426412463,1.00414253072813,37,1,"rich neighborhood"
92.5867786880118,8.29818481164696,1.17451491346583,2.06699786148965,38,1,"rich neighborhood"
78.3413147376837,5.17158470010674,1.81428278237581,2.83639927045442,39,1,"rich neighborhood"
86.1555001227912,10.0722452137845,5.08098506880924,3.48682639165781,40,1,"rich neighborhood"
69.2167546383299,7.01274986536742,4.36115170037374,2.29099966399372,41,2,"rich neighborhood"
81.0688104935269,7.05912851712641,4.91506072320044,2.18133076676168,42,2,"rich neighborhood"
77.5618419160709,10.249404772394,2.67744099255651,1.42572668637149,43,2,"rich neighborhood"
89.6886802853555,8.00672173023193,6.87944553699344,1.8394200890325,44,2,"rich neighborhood"
71.0659218886535,9.99635477139058,4.86318464810029,2.69446666771546,45,2,"rich neighborhood"
76.0139660981835,9.14348223714837,4.49547061463818,3.8054185162764,46,2,"rich neighborhood"
73.619063700505,8.77265678710101,4.69522615568712,2.07520043523982,47,2,"rich neighborhood"
80.9079831755057,5.95064430916178,6.55084176687524,3.52602154272608,48,2,"rich neighborhood"
77.0625975860299,7.55050409928003,3.34013737179339,3.16722764307633,49,2,"rich neighborhood"
76.1982192932071,10.3590328822359,2.72751811007038,3.25220796791837,50,2,"rich neighborhood"
70.7189604153433,11.1352411888471,1.54441578825936,3.77196535654366,51,2,"rich neighborhood"
82.1242219275275,9.01424529289305,2.93220342416316,1.00713432044722,52,2,"rich neighborhood"
75.5322378662141,10.0001257681307,5.54962067538872,1.4812897448428,53,2,"rich neighborhood"
70.5536143501129,12.2457792867599,1.62647757772356,2.19781885389239,54,2,"rich neighborhood"
78.9379300336944,12.8797114859524,5.26166711561382,3.02595873200335,55,2,"rich neighborhood"
81.5035159160245,7.80577246318836,6.79886430175975,2.44111604895443,56,2,"rich neighborhood"
74.5876053197586,9.76536087949965,2.20894735725597,2.60148634226061,57,2,"rich neighborhood"
77.4844236583935,12.4029968018394,1.65093192690983,1.95085047185421,58,2,"rich neighborhood"
76.519539495009,9.0605408388674,1.33241307269782,3.44427277054638,59,2,"rich neighborhood"
70.2952447311147,9.89506103012201,5.9783410904929,1.87665856373496,60,2,"rich neighborhood"
78.2699294101002,9.82778540352582,4.48718653945252,2.22739627398551,61,2,"rich neighborhood"
72.6566126888746,8.22464196418714,3.8205542517826,1.27275492297485,62,2,"rich neighborhood"
76.6578420052165,9.11063199023052,3.19008472003043,3.39578991406597,63,2,"rich neighborhood"
68.6370487656664,9.94111024182352,2.68074776371941,2.07935574906878,64,2,"rich neighborhood"
75.9322505349604,9.17226230188415,4.59829512983561,1.12146273022518,65,2,"rich neighborhood"
71.1843315173784,12.2267720467364,5.91141767753288,1.12325901957229,66,2,"rich neighborhood"
81.7172261545801,9.03801431669204,1.58699368266389,3.8633027151227,67,2,"rich neighborhood"
77.8367200390402,9.13366193479854,6.78213715646416,2.12002373463474,68,2,"rich neighborhood"
72.5839533861173,11.3937251531042,2.01241866033524,3.41925900266506,69,2,"rich neighborhood"
86.0709513628608,7.88726317365818,1.5165004353039,3.73017702694051,70,2,"rich neighborhood"
76.8505284647291,9.91860304969757,6.16726417420432,2.32022863859311,71,2,"rich neighborhood"
85.1786217635571,6.89691035530482,4.1487436122261,2.72900950908661,72,2,"rich neighborhood"
65.2616241591659,12.3343390984714,4.94086525170133,1.22100338549353,73,2,"rich neighborhood"
70.0754737073615,9.45270859725184,2.37711623683572,1.49388218321837,74,2,"rich neighborhood"
79.5753068450217,9.06430935065549,5.32735618855804,3.21967232762836,75,2,"rich neighborhood"
76.7475790998076,7.52349534402757,3.94450236996636,2.42713303817436,76,2,"rich neighborhood"
87.7202812618109,9.98447593244535,6.79153355490416,3.05656285979785,77,2,"rich neighborhood"
84.4920302175098,8.39943564409668,6.44165488285944,3.85454482841305,78,2,"rich neighborhood"
79.0727974705499,8.93301534009913,4.30750316707417,2.49239346268587,79,2,"rich neighborhood"
66.4008912059792,12.5753504911692,1.45359459705651,2.41150187980384,80,2,"rich neighborhood"
93.1798581397904,8.54156544698085,3.98893954232335,3.38515370851383,81,3,"rich neighborhood"
86.4971539307628,11.9961378171097,2.69658535160124,1.61702077928931,82,3,"rich neighborhood"
86.8304787296592,12.5169633291911,5.65867049433291,1.14457996888086,83,3,"rich neighborhood"
83.6735292297823,12.4977273776202,2.8231165711768,1.11644779355265,84,3,"rich neighborhood"
101.462658571783,7.23872590094934,4.09330709185451,1.8537223895546,85,3,"rich neighborhood"
81.7804319586567,14.0999213872728,3.8677046392113,2.04642949742265,86,3,"rich neighborhood"
98.9437998777506,12.0337456595991,5.61311334744096,3.21235997625627,87,3,"rich neighborhood"
87.459846231218,9.94656507172348,1.98357313405722,1.754990743706,88,3,"rich neighborhood"
85.7243333430011,11.4072155575965,3.65064489934593,2.55231100926176,89,3,"rich neighborhood"
95.5744007357051,8.05722954169627,4.14044601842761,3.27833416801877,90,3,"rich neighborhood"
98.5124468014318,7.80768751688229,3.86151513177902,2.90825358382426,91,3,"rich neighborhood"
86.7576313210738,10.0981009018752,4.14785972656682,1.6118220561184,92,3,"rich neighborhood"
95.5853575590816,7.60300828688444,5.11136948317289,3.97913584625348,93,3,"rich neighborhood"
86.4981800596134,10.3800379971195,3.11075213272125,1.00121513009071,94,3,"rich neighborhood"
93.2444903640081,12.5954117992093,6.03778771171346,1.61971007520333,95,3,"rich neighborhood"
96.9381907376174,7.9322525540705,6.53148214938119,2.90208427188918,96,3,"rich neighborhood"
79.3352328961818,8.52311849157387,1.63785772817209,1.05187547579408,97,3,"rich neighborhood"
78.8532853498948,10.0931278789017,2.23917350871488,1.08020641398616,98,3,"rich neighborhood"
90.5836384406626,7.96480776034779,3.91985747078434,2.82352178520523,99,3,"rich neighborhood"
89.2088316103653,9.23343208022744,2.94293214287609,2.71162405819632,100,3,"rich neighborhood"
87.1903175329588,11.7455108233428,3.83028355007991,1.73756004380994,101,3,"rich neighborhood"
97.2056571172545,11.9390900279402,4.51653101248667,3.75857525924221,102,3,"rich neighborhood"
88.4528673676065,10.7676933300542,2.34370007552207,3.01664860500023,103,3,"rich neighborhood"
92.3469446837379,6.29688867386507,5.40417832043022,2.93635131791234,104,3,"rich neighborhood"
89.9209971343078,9.89200652634767,1.90290459431708,1.62485636398196,105,3,"rich neighborhood"
91.7586182382609,12.1295464286766,5.18532020132989,2.44185320730321,106,3,"rich neighborhood"
98.6236599507704,11.6263900748232,2.58464742917567,3.95955574978143,107,3,"rich neighborhood"
87.4660968139317,9.61836705179144,3.55878953356296,3.97935954318382,108,3,"rich neighborhood"
98.2214228308651,4.60014038287259,5.32800144003704,2.35232210974209,109,3,"rich neighborhood"
99.9253455100316,10.1219332776022,3.84683024277911,3.14454635838047,110,3,"rich neighborhood"
91.3539418867655,11.1475033949672,3.03152176551521,1.94968483760022,111,3,"rich neighborhood"
88.6923695904747,10.0916071594502,2.44355283305049,3.50106268189847,112,3,"rich neighborhood"
92.5511556547652,10.3148250803518,2.29755806736648,2.30192674463615,113,3,"rich neighborhood"
89.1935139422251,10.8631307457375,2.45234871422872,3.98797677457333,114,3,"rich neighborhood"
93.1678408740664,9.20690052789958,4.38942803815007,3.4174336399883,115,3,"rich neighborhood"
95.9693029818135,12.6199564515031,5.27540853340179,2.45872650225647,116,3,"rich neighborhood"
87.1060142373768,10.9407867997479,1.64857958769426,2.61631600279361,117,3,"rich neighborhood"
96.8118856823831,7.5146594588508,4.11445524124429,2.02311972505413,118,3,"rich neighborhood"
85.3619930509613,12.7631509127711,6.11314206756651,1.1560468133539,119,3,"rich neighborhood"
82.1255697734083,12.4089178740196,5.28779165260494,2.37616933952086,120,3,"rich neighborhood"
88.086269417564,3.30236860610216,3.41128233587369,3.83473956119269,121,4,"poor neighborhood"
83.1704167069459,2.82296027608561,3.59328521275893,2.04014131543227,122,4,"poor neighborhood"
85.238358372562,4.03141885776565,4.9816264831461,2.10803866991773,123,4,"poor neighborhood"
77.2593487828002,4.32737758198085,2.09421595046297,2.87244622898288,124,4,"poor neighborhood"
93.982521704607,4.69328421867671,6.03003255976364,3.182217476191,125,4,"poor neighborhood"
110.52102579539,4.51350554285031,6.50423785019666,1.59378432692029,126,4,"poor neighborhood"
117.059915159619,8.78440408320022,5.78980637947097,2.76614560023881,127,4,"poor neighborhood"
81.2598509518547,2.22800332542916,4.01833769027144,3.528691500891,128,4,"poor neighborhood"
80.0177422889311,4.17035139858444,2.52675698231906,3.99813709687442,129,4,"poor neighborhood"
96.5352690101161,5.69816305621366,5.00347261456773,1.0343147481326,130,4,"poor neighborhood"
129.890519461417,8.25688453163081,6.64659624872729,3.46399555006064,131,4,"poor neighborhood"
115.952554479269,5.17704379142723,6.88456617575139,1.61687147943303,132,4,"poor neighborhood"
80.2199828730478,7.47830141680113,1.31378364330158,1.34141455357894,133,4,"poor neighborhood"
80.4828395153445,1.71088892849259,3.29442712804303,3.06425699079409,134,4,"poor neighborhood"
130.523269736781,7.89271305075696,5.83706552069634,1.81888395827264,135,4,"poor neighborhood"
78.9144258296286,3.61887965666963,4.28732619388029,3.46950963744894,136,4,"poor neighborhood"
71.3027394293494,4.4471378290923,2.82678712951019,2.93318920652382,137,4,"poor neighborhood"
79.7465956945684,2.78116248020113,3.41382895922288,2.58370684273541,138,4,"poor neighborhood"
61.1247608447646,5.2677386328589,1.16557471826673,1.08595290430821,139,4,"poor neighborhood"
117.319944409315,8.5706781034631,6.09396212315187,1.8615101177711,140,4,"poor neighborhood"
101.329101465047,9.84432671050318,1.18620221596211,1.10675058537163,141,4,"poor neighborhood"
80.478722097182,2.84634219576318,4.9137509893626,3.69360386091284,142,4,"poor neighborhood"
78.620520593529,5.9718822208062,4.58104662876576,1.39290680945851,143,4,"poor neighborhood"
101.46682191228,7.77704347748858,2.87566622858867,1.15433226642199,144,4,"poor neighborhood"
91.9325415008995,4.60868636543091,6.92146060196683,2.09183956845663,145,4,"poor neighborhood"
88.2476905328756,4.56365040458758,5.97356163430959,3.08644234901294,146,4,"poor neighborhood"
61.8708959006279,4.39044409090711,4.64630758063868,3.67692739400081,147,4,"poor neighborhood"
88.3044161773837,6.19566544822289,1.82867581490427,1.73282858519815,148,4,"poor neighborhood"
121.587335244106,7.79485882163152,6.22556297341362,2.1758991908282,149,4,"poor neighborhood"
104.739142781942,6.37523952247993,4.46252645784989,2.86046472168528,150,4,"poor neighborhood"
114.100493996673,5.64037602859394,5.7950354241766,2.69349093176425,151,4,"poor neighborhood"
65.5327694538896,4.39626014844548,1.16917723650113,1.12420471338555,152,4,"poor neighborhood"
73.3906642147079,5.9966973711159,2.53814644226804,2.42273045750335,153,4,"poor neighborhood"
101.61992869972,3.90092616416649,5.54060148075223,3.84761570044793,154,4,"poor neighborhood"
113.303607152955,4.44148699272551,5.97968982951716,1.72099403501488,155,4,"poor neighborhood"
87.0829370763077,7.19302688622346,4.14227349264547,3.03442510659806,156,4,"poor neighborhood"
94.761824907669,5.88402617635762,4.82762554148212,3.74029655242339,157,4,"poor neighborhood"
87.7754689277916,5.48203258805222,3.92743363417685,1.13674457836896,158,4,"poor neighborhood"
76.9708081052173,4.48878468928896,4.49103158805519,1.40928139374591,159,4,"poor neighborhood"
88.3776723454641,6.86206580296976,1.6022201362066,1.30106269917451,160,4,"poor neighborhood"
92.7965578673601,7.66982517075095,3.41128233587369,2.22896384494379,161,4,"poor neighborhood"
91.7662357652142,3.26145647224912,3.59328521275893,3.90984353562817,162,4,"poor neighborhood"
97.425702832394,5.11097390933021,4.9816264831461,2.09195395349525,163,4,"poor neighborhood"
84.653398930323,5.09813382638384,2.09421595046297,3.17470424063504,164,4,"poor neighborhood"
114.213282566585,3.84328854327821,6.03003255976364,3.1080446424894,165,4,"poor neighborhood"
98.9506365876509,3.00252268800799,6.50423785019666,1.07444380037487,166,4,"poor neighborhood"
113.958176383104,4.9951344399868,5.78980637947097,3.83799562114291,167,4,"poor neighborhood"
98.6107941457962,6.31102376562594,4.01833769027144,2.60047452710569,168,4,"poor neighborhood"
79.5012356564363,7.95368455795311,2.52675698231906,3.08892749808729,169,4,"poor neighborhood"
76.9518437739906,1.18169442344157,5.00347261456773,1.1357725081034,170,4,"poor neighborhood"
109.307941069287,3.59512105337518,6.64659624872729,3.74971428699791,171,4,"poor neighborhood"
110.741204092635,4.37713956397616,6.88456617575139,1.09853266295977,172,4,"poor neighborhood"
53.1583559435756,1.67368593866525,1.31378364330158,3.33189172274433,173,4,"poor neighborhood"
65.1835583208154,3.49893311641542,3.29442712804303,2.57842532731593,174,4,"poor neighborhood"
100.808780695806,3.44529648163698,5.83706552069634,1.79836565093137,175,4,"poor neighborhood"
75.381391841537,3.5548606002808,4.28732619388029,2.51480823778547,176,4,"poor neighborhood"
47.1991695285452,0.622330801705864,2.82678712951019,2.59748576814309,177,4,"poor neighborhood"
92.8626928982465,5.42683710057311,3.41382895922288,1.26061070966534,178,4,"poor neighborhood"
52.1344500159214,3.73615412749034,1.16557471826673,3.74680428928696,179,4,"poor neighborhood"
122.190708300642,8.04098238766433,6.09396212315187,2.69202478742227,180,4,"poor neighborhood"
77.1150809643641,6.59191189883016,1.18620221596211,1.17769157863222,181,4,"poor neighborhood"
68.691588371888,2.0929408697344,4.9137509893626,3.01817708276212,182,4,"poor neighborhood"
106.865622353034,5.19679084201168,4.58104662876576,2.88196803326719,183,4,"poor neighborhood"
69.1169001481843,3.81245803153369,2.87566622858867,1.21856625983492,184,4,"poor neighborhood"
130.951999677259,6.77656233726903,6.92146060196683,2.31311516254209,185,4,"poor neighborhood"
99.6425343655731,5.10614083099733,5.97356163430959,2.92462223791517,186,4,"poor neighborhood"
83.6042817674982,3.88595274831069,4.64630758063868,3.4299084614031,187,4,"poor neighborhood"
78.3951220612451,5.87679407234544,1.82867581490427,2.17525891610421,188,4,"poor neighborhood"
103.848640333257,5.30521631728484,6.22556297341362,3.32026841817424,189,4,"poor neighborhood"
88.5596283737888,4.67076483650087,4.46252645784989,3.62018537544645,190,4,"poor neighborhood"
113.985967894282,9.03978124295195,5.7950354241766,2.85493934946135,191,4,"poor neighborhood"
52.2126523269844,3.94122822736548,1.16917723650113,2.07320255204104,192,4,"poor neighborhood"
81.849760583313,4.05842605403192,2.53814644226804,3.7967700434383,193,4,"poor neighborhood"
77.5267392322156,1.90812615196495,5.54060148075223,3.23418788821436,194,4,"poor neighborhood"
88.5214850569421,4.91894655340965,5.97968982951716,1.19070397480391,195,4,"poor neighborhood"
93.7482258778163,6.78071261094135,4.14227349264547,1.32461052318104,196,4,"poor neighborhood"
67.4895789860156,0.857224298141572,4.82762554148212,3.45633367472328,197,4,"poor neighborhood"
65.4289889516453,4.49986975985396,3.92743363417685,3.37923081405461,198,4,"poor neighborhood"
77.5312701332695,2.63669914669336,4.49103158805519,1.17132110870443,199,4,"poor neighborhood"
89.9126581122942,7.88387453003381,1.6022201362066,3.72286185296252,200,4,"poor neighborhood"
102.620296393349,7.71579107775772,3.41128233587369,3.16491584083997,201,4,"poor neighborhood"
95.021122305744,5.6690056946813,3.59328521275893,3.7081209840253,202,4,"poor neighborhood"
100.98132901292,7.85867616080045,4.9816264831461,2.60714279557578,203,4,"poor neighborhood"
64.1609945510913,3.26536429824263,2.09421595046297,2.04561800695956,204,4,"poor neighborhood"
104.083173206851,6.90130344994377,6.03003255976364,3.49988013296388,205,4,"poor neighborhood"
95.6849259260874,3.82997698273353,6.50423785019666,3.37098697340116,206,4,"poor neighborhood"
93.455772028414,5.64191504505126,5.78980637947097,2.59422718104906,207,4,"poor neighborhood"
76.3050755011392,4.40120796667018,4.01833769027144,3.33615691773593,208,4,"poor neighborhood"
82.0232334568849,4.44291383341386,2.52675698231906,1.17507683974691,209,4,"poor neighborhood"
99.4222760787546,6.09223031665906,5.00347261456773,2.37433127895929,210,4,"poor neighborhood"
91.646445705596,2.39235769271026,6.64659624872729,1.06699312105775,211,4,"poor neighborhood"
125.232167513116,4.49817106991508,6.88456617575139,3.21966733480804,212,4,"poor neighborhood"
72.5046854658657,5.34201474743582,1.31378364330158,3.11721125664189,213,4,"poor neighborhood"
74.3676612697276,4.19306504250498,3.29442712804303,1.01712000998668,214,4,"poor neighborhood"
111.067501777189,5.20931888167145,5.83706552069634,2.41225966042839,215,4,"poor neighborhood"
83.9018595182943,4.36223842653198,4.28732619388029,2.78851768909954,216,4,"poor neighborhood"
110.996413624421,8.23668787176685,2.82678712951019,1.85198077745736,217,4,"poor neighborhood"
88.0779256331291,6.42837720297723,3.41382895922288,1.16565787163563,218,4,"poor neighborhood"
93.1496865947249,10.9317307396665,1.16557471826673,2.13362287101336,219,4,"poor neighborhood"
84.8391784556025,3.40984479088158,6.09396212315187,2.59067164268345,220,4,"poor neighborhood"
80.9605321901426,6.62873182935983,1.18620221596211,1.75293420813978,221,4,"poor neighborhood"
132.724252935551,9.19606162026075,4.9137509893626,3.83225947758183,222,4,"poor neighborhood"
93.1357568709362,5.60196011030514,4.58104662876576,2.31246481277049,223,4,"poor neighborhood"
74.0858288964856,2.83384971632154,2.87566622858867,3.10320042283274,224,4,"poor neighborhood"
102.789568320589,2.98735499639343,6.92146060196683,1.52754367585294,225,4,"poor neighborhood"
116.89086532178,4.92917087016478,5.97356163430959,1.7259244681336,226,4,"poor neighborhood"
113.003897363747,7.61824872170683,4.64630758063868,1.07104954868555,227,4,"poor neighborhood"
70.9586032160954,6.50080097329344,1.82867581490427,1.98631314607337,228,4,"poor neighborhood"
76.793731784761,0.723263344775161,6.22556297341362,2.2392742766533,229,4,"poor neighborhood"
77.7012241138963,3.59929178226673,4.46252645784989,1.32626366708428,230,4,"poor neighborhood"
104.379721684028,4.98188704941403,5.7950354241766,3.55615678057075,231,4,"poor neighborhood"
54.2824594468182,2.08373302551046,1.16917723650113,1.02717981580645,232,4,"poor neighborhood"
91.1281999821984,6.38905929298974,2.53814644226804,3.90929058636539,233,4,"poor neighborhood"
69.9871845201296,0.077329049627024,5.54060148075223,3.41394007671624,234,4,"poor neighborhood"
101.279443154775,5.28657952808091,5.97968982951716,2.50311915623024,235,4,"poor neighborhood"
95.1590700535891,4.21755576174589,4.14227349264547,3.80253741727211,236,4,"poor neighborhood"
89.5681600374891,4.01767182877185,4.82762554148212,2.4035566681996,237,4,"poor neighborhood"
79.8857133998383,4.4327050950959,3.92743363417685,2.53293038741685,238,4,"poor neighborhood"
106.744478677223,5.62958960941569,4.49103158805519,3.49666539020836,239,4,"poor neighborhood"
76.351134003574,5.79265315587798,1.6022201362066,1.48194879293442,240,4,"poor neighborhood"
74.2524517729099,4.54879257792808,3.41128233587369,2.56408457481302,241,4,"poor neighborhood"
84.6108679657574,1.15009913931888,3.59328521275893,2.30070023890585,242,4,"poor neighborhood"
70.1949004767136,2.12154140335604,4.9816264831461,1.99545425339602,243,4,"poor neighborhood"
43.7934211889075,2.0606844520552,2.09421595046297,2.34407125273719,244,4,"poor neighborhood"
88.0839893581387,6.52372689378386,6.03003255976364,1.12350208079442,245,4,"poor neighborhood"
110.815839334709,4.51277003625744,6.50423785019666,1.73009215225466,246,4,"poor neighborhood"
98.8137407518245,5.53935321483601,5.78980637947097,1.30950896767899,247,4,"poor neighborhood"
71.2460700430155,1.88214495808837,4.01833769027144,2.08939284342341,248,4,"poor neighborhood"
77.3089468039124,3.92882398660737,2.52675698231906,2.97322609764524,249,4,"poor neighborhood"
97.5765706958348,6.12490394634699,5.00347261456773,2.27511897147633,250,4,"poor neighborhood"
89.5139152076597,4.64334775316016,6.64659624872729,1.21657778602093,251,4,"poor neighborhood"
89.6857619098524,4.7697280275947,6.88456617575139,3.06142357434146,252,4,"poor neighborhood"
67.5597222586619,4.85587705578727,1.31378364330158,3.5583580841776,253,4,"poor neighborhood"
99.4385000998586,7.42181961385261,3.29442712804303,3.60165265854448,254,4,"poor neighborhood"
72.8197859339478,3.77020619840059,5.83706552069634,1.26724557834677,255,4,"poor neighborhood"
100.4051727876,6.3522529166294,4.28732619388029,1.03911433974281,256,4,"poor neighborhood"
94.5854072839356,6.7971992110751,2.82678712951019,2.26976821036078,257,4,"poor neighborhood"
87.6948400577345,2.62136419295796,3.41382895922288,3.91977535188198,258,4,"poor neighborhood"
72.766794695894,5.24251769963802,1.16557471826673,2.49720426299609,259,4,"poor neighborhood"
107.383826878109,4.97755662773918,6.09396212315187,3.98395781335421,260,4,"poor neighborhood"
86.3801107979027,7.05828143862752,1.18620221596211,2.48464546538889,261,4,"poor neighborhood"
104.310972673859,6.82954973543923,4.9137509893626,1.3691068040207,262,4,"poor neighborhood"
93.122430360031,4.99508746664087,4.58104662876576,2.68115728464909,263,4,"poor neighborhood"
83.852118074672,5.27201910482745,2.87566622858867,1.71787758055143,264,4,"poor neighborhood"
110.91344851305,3.55969291011375,6.92146060196683,3.17575158318505,265,4,"poor neighborhood"
97.8714396342276,4.60375133989757,5.97356163430959,3.35808218549937,266,4,"poor neighborhood"
78.8813174446429,2.94158238790345,4.64630758063868,2.34934565681033,267,4,"poor neighborhood"
56.1646188084814,3.06608820829477,1.82867581490427,2.40723975747824,268,4,"poor neighborhood"
83.3371431420679,2.55837382216181,6.22556297341362,2.20558007154614,269,4,"poor neighborhood"
105.462750533106,6.67241540788967,4.46252645784989,3.70712653617375,270,4,"poor neighborhood"
129.072433871512,7.22994359699081,5.7950354241766,2.69106522924267,271,4,"poor neighborhood"
56.5172894581389,4.17411029414582,1.16917723650113,3.07299002935179,272,4,"poor neighborhood"
65.9906227508066,2.74204520398634,2.53814644226804,1.99682271084748,273,4,"poor neighborhood"
88.5041000561059,4.8241373364459,5.54060148075223,1.28459231881425,274,4,"poor neighborhood"
136.027328189302,9.48380738662525,5.97968982951716,3.81371147278696,275,4,"poor neighborhood"
108.344367542915,9.08262634150098,4.14227349264547,3.01305719139054,276,4,"poor neighborhood"
79.1169026808975,1.5603993265571,4.82762554148212,1.04498227476142,277,4,"poor neighborhood"
88.3407896689433,4.28618668775523,3.92743363417685,1.33934130519629,278,4,"poor neighborhood"
98.7075966261076,8.06656098432459,4.49103158805519,3.54337257263251,279,4,"poor neighborhood"
71.42397793414,4.92351180677953,1.6022201362066,2.34045832557604,280,4,"poor neighborhood"
98.3965069014817,4.54331476581094,6.551984264981,1.19170277495869,281,5,"poor neighborhood"
72.5485273625674,6.35071112485508,1.05777710536495,3.41633347258903,282,5,"poor neighborhood"
68.3357748423373,2.53351061298738,3.9000172028318,1.39848650828935,283,5,"poor neighborhood"
66.4348062392905,2.60007691115444,5.54334699269384,1.27068822784349,284,5,"poor neighborhood"
127.231871797803,6.53173315323222,6.47255583200604,3.6780824509915,285,5,"poor neighborhood"
107.614221688408,3.82380427743405,5.66481572017074,3.2015359539073,286,5,"poor neighborhood"
105.557249351501,3.67940834004885,6.84475641604513,2.50416727550328,287,5,"poor neighborhood"
73.9804334498806,5.22602704439469,1.97248482191935,1.82982520572841,288,5,"poor neighborhood"
74.6936504439313,4.35920240062792,2.87041041767225,1.32368834340014,289,5,"poor neighborhood"
115.603882147332,8.73276299387758,3.63913837494329,3.54107884736732,290,5,"poor neighborhood"
106.40209909727,5.5190629115356,4.90692659886554,3.13237515534274,291,5,"poor neighborhood"
109.228217410555,5.32312014183614,5.14359322236851,3.41575478180312,292,5,"poor neighborhood"
90.4511837481437,6.86214981867071,2.19451130880043,1.04353722278029,293,5,"poor neighborhood"
112.408152866359,4.88010650148076,5.79788088332862,1.76087860669941,294,5,"poor neighborhood"
110.672943933732,5.0974794001549,5.61843910394236,2.20733394357376,295,5,"poor neighborhood"
95.9433995512573,2.85424919853207,4.95609406614676,1.99481627671048,296,5,"poor neighborhood"
62.4360673476982,0.414057139038655,1.84074674453586,3.60134519147687,297,5,"poor neighborhood"
105.681674287858,2.58558629987132,5.00963216228411,1.52494320436381,298,5,"poor neighborhood"
70.4580085072614,5.22821885959438,1.91400480875745,2.09889524290338,299,5,"poor neighborhood"
101.779549325047,2.93340584178925,4.46727273287252,1.08337731170468,300,5,"poor neighborhood"
103.917130428918,6.37761550468413,4.68178146984428,3.71238454733975,301,5,"poor neighborhood"
87.3977174808936,6.45016603534973,1.90434787562117,3.52322801854461,302,5,"poor neighborhood"
100.227892454328,5.43476042187818,4.21707245381549,3.89109683013521,303,5,"poor neighborhood"
91.4967327190055,4.59668653676324,4.42884656693786,2.84788860287517,304,5,"poor neighborhood"
59.1103870242671,2.26862027882263,4.62147689238191,1.36430983734317,305,5,"poor neighborhood"
103.76155021113,4.38212478264568,6.04814096167684,3.77609273907728,306,5,"poor neighborhood"
91.0072820746738,4.09419422692555,4.16583091113716,1.37380434526131,307,5,"poor neighborhood"
73.438479063008,6.32645828903958,2.47367160115391,2.66823860444129,308,5,"poor neighborhood"
104.202297090351,7.61725907349739,2.79115767078474,1.54071632912382,309,5,"poor neighborhood"
109.351284980786,6.002080619789,6.07688739849254,3.96486716903746,310,5,"poor neighborhood"
96.1922250139399,2.74342292960527,3.68921944731846,3.10450882045552,311,5,"poor neighborhood"
121.884144535538,8.34199461079633,5.18437640601769,1.76407928112894,312,5,"poor neighborhood"
116.382683569597,7.02070606490425,6.68440546607599,3.39449008624069,313,5,"poor neighborhood"
101.46813279377,5.44704243174892,4.43851141398773,2.12288361485116,314,5,"poor neighborhood"
75.7732171969331,0.587030813580756,3.95716753881425,3.66008467902429,315,5,"poor neighborhood"
93.4461847117269,3.09082876289368,3.9835486067459,1.40960996504873,316,5,"poor neighborhood"
76.2762118461236,4.86285386557953,1.56201960798353,3.7093272684142,317,5,"poor neighborhood"
102.139546247138,6.52261180313054,6.75218760222197,3.70704442914575,318,5,"poor neighborhood"
58.0736359559109,2.64019160008342,2.19506936194375,3.57692950381897,319,5,"poor neighborhood"
119.736029025505,11.4223979135346,4.19708011159673,2.59569325135089,320,5,"poor neighborhood"
92.0236086621342,-0.107649701901654,6.551984264981,3.47902053059079,321,5,"poor neighborhood"
69.8604442858608,4.52813210133187,1.05777710536495,3.80529524642043,322,5,"poor neighborhood"
85.4470739699366,4.48087471347713,3.9000172028318,2.69466486060992,323,5,"poor neighborhood"
90.2493305037627,3.67326616676161,5.54334699269384,2.18354148953222,324,5,"poor neighborhood"
109.748122812526,4.3620185783477,6.47255583200604,1.56169932079501,325,5,"poor neighborhood"
106.118687938446,6.48479031514463,5.66481572017074,3.65049868472852,326,5,"poor neighborhood"
101.382284508876,3.25141464842845,6.84475641604513,1.70161011978053,327,5,"poor neighborhood"
51.2625701443929,0.834372467393443,1.97248482191935,3.83298045257106,328,5,"poor neighborhood"
74.230266507618,5.18753580562043,2.87041041767225,2.9746456714347,329,5,"poor neighborhood"
101.042634369327,4.99636037599441,3.63913837494329,1.47859710874036,330,5,"poor neighborhood"
88.7456400936949,4.97379869525685,4.90692659886554,3.86159303667955,331,5,"poor neighborhood"
109.441272110002,6.33593614911621,5.14359322236851,1.46592478035018,332,5,"poor neighborhood"
77.2556312228224,4.97366459409568,2.19451130880043,3.86798225203529,333,5,"poor neighborhood"
104.831056925998,6.55209406095261,5.79788088332862,2.95703875110485,334,5,"poor neighborhood"
87.5716435284383,0.978529334729489,5.61843910394236,1.08112534717657,335,5,"poor neighborhood"
93.7302485811989,2.7436390100564,4.95609406614676,2.26864288956858,336,5,"poor neighborhood"
95.1443868235286,5.69759914317144,1.84074674453586,1.60642314725555,337,5,"poor neighborhood"
101.792790125708,4.29420303580615,5.00963216228411,2.86014264286496,338,5,"poor neighborhood"
89.0974530436676,6.88954919583525,1.91400480875745,3.76620942610316,339,5,"poor neighborhood"
114.159718458822,2.99056029494707,4.46727273287252,2.73045554454438,340,5,"poor neighborhood"
99.5102962761078,6.44780546499369,4.68178146984428,1.43091849586926,341,5,"poor neighborhood"
63.0769534878217,3.66233451801927,1.90434787562117,2.09525435930118,342,5,"poor neighborhood"
78.8499161742084,2.7739196125684,4.21707245381549,1.15992866200395,343,5,"poor neighborhood"
92.4124169286377,4.31438962126611,4.42884656693786,1.34669788787141,344,5,"poor neighborhood"
106.076369430079,5.09955864633748,4.62147689238191,3.17705179797485,345,5,"poor neighborhood"
100.271725577391,2.54463607694893,6.04814096167684,1.5044398070313,346,5,"poor neighborhood"
88.1759937748473,3.4719881783451,4.16583091113716,3.87534710275941,347,5,"poor neighborhood"
62.115219936365,2.50763587676424,2.47367160115391,1.18137818132527,348,5,"poor neighborhood"
108.723413137236,7.03354795551954,2.79115767078474,3.92042331560515,349,5,"poor neighborhood"
125.670751371171,6.44722524811773,6.07688739849254,2.47656732378528,350,5,"poor neighborhood"
75.4316031570316,2.93494572578977,3.68921944731846,3.10876332013868,351,5,"poor neighborhood"
115.951931218556,6.11469200824552,5.18437640601769,3.17149351350963,352,5,"poor neighborhood"
116.04056458464,4.48883715380096,6.68440546607599,3.29240376665257,353,5,"poor neighborhood"
97.9346751225945,2.77321648570666,4.43851141398773,3.63828105013818,354,5,"poor neighborhood"
100.604250989355,5.84239487922961,3.95716753881425,3.13687639590353,355,5,"poor neighborhood"
79.4591823800002,4.35409937630725,3.9835486067459,1.73502397607081,356,5,"poor neighborhood"
94.4957782634675,6.76035980238304,1.56201960798353,2.47835424495861,357,5,"poor neighborhood"
105.320574223317,4.6102727864482,6.75218760222197,3.27294626459479,358,5,"poor neighborhood"
98.2189125168066,7.37610996420756,2.19506936194375,1.00112043553963,359,5,"poor neighborhood"
106.892753722024,3.98047097646409,4.19708011159673,1.25150048057549,360,5,"poor neighborhood"
101.201913704632,5.43909602174659,6.551984264981,3.32974849105813,361,5,"poor neighborhood"
93.0428895198777,5.74058884272912,1.05777710536495,1.88056793855503,362,5,"poor neighborhood"
110.053225485206,5.55821678746121,3.9000172028318,2.04344434128143,363,5,"poor neighborhood"
102.599032579978,5.40388487462665,5.54334699269384,2.94735289271921,364,5,"poor neighborhood"
110.137027898216,4.97400691513731,6.47255583200604,3.53118607611395,365,5,"poor neighborhood"
97.7316399818817,4.81826998784502,5.66481572017074,1.20722409198061,366,5,"poor neighborhood"
122.117142712606,7.73006273063768,6.84475641604513,1.79601524234749,367,5,"poor neighborhood"
95.8766858744368,6.81626113776633,1.97248482191935,3.13096088101156,368,5,"poor neighborhood"
70.8116457164498,3.78022365719619,2.87041041767225,1.15320651326329,369,5,"poor neighborhood"
103.939551689774,7.7928744424389,3.63913837494329,2.00644247443415,370,5,"poor neighborhood"
101.933741463643,5.28959674661689,4.90692659886554,3.68043615994975,371,5,"poor neighborhood"
94.8122210028441,3.7187864568094,5.14359322236851,1.68408953584731,372,5,"poor neighborhood"
85.7751940382992,5.33960451911707,2.19451130880043,2.71589303412475,373,5,"poor neighborhood"
121.080228404047,4.68562502515831,5.79788088332862,1.57313571870327,374,5,"poor neighborhood"
103.624655076391,5.20187918909221,5.61843910394236,3.99928971752524,375,5,"poor neighborhood"
83.7637989237413,3.05321169170344,4.95609406614676,2.5055489288643,376,5,"poor neighborhood"
80.0319429295662,3.3603494494936,1.84074674453586,3.46017853403464,377,5,"poor neighborhood"
119.539244367857,7.72583793805085,5.00963216228411,2.91129506286234,378,5,"poor neighborhood"
92.8604972264714,6.92274186106256,1.91400480875745,3.55839204275981,379,5,"poor neighborhood"
95.4864691441469,3.23255105119777,4.46727273287252,3.06131731835194,380,5,"poor neighborhood"
76.9850269732765,3.19981576912736,4.68178146984428,3.33254265645519,381,5,"poor neighborhood"
107.204689850612,8.44666626559366,1.90434787562117,1.43995067197829,382,5,"poor neighborhood"
119.422671152031,8.81808432425787,4.21707245381549,1.819376521511,383,5,"poor neighborhood"
98.990528087429,3.44571760828947,4.42884656693786,1.78126329602674,384,5,"poor neighborhood"
79.7887239788002,2.39538947477379,4.62147689238191,2.06659356039017,385,5,"poor neighborhood"
116.400492347872,10.2469903336374,6.04814096167684,1.78279207344167,386,5,"poor neighborhood"
94.107525198537,5.45925782869361,4.16583091113716,3.56616429798305,387,5,"poor neighborhood"
77.3579364047937,5.37349978428377,2.47367160115391,3.2045777507592,388,5,"poor neighborhood"
110.021151001257,5.15227326990056,2.79115767078474,3.56293783173896,389,5,"poor neighborhood"
119.69418951773,7.80972037264267,6.07688739849254,3.20291661261581,390,5,"poor neighborhood"
88.9626676591475,4.61655552932737,3.68921944731846,3.16013192618266,391,5,"poor neighborhood"
129.279354161409,7.91878432831218,5.18437640601769,3.95001782430336,392,5,"poor neighborhood"
116.827796482999,4.55868909773092,6.68440546607599,1.48578209429979,393,5,"poor neighborhood"
110.16068302428,6.01029177254628,4.43851141398773,3.29853963549249,394,5,"poor neighborhood"
111.405633707691,2.93300598785424,3.95716753881425,3.86190766748041,395,5,"poor neighborhood"
97.5091240446969,5.34094694291844,3.9835486067459,1.7977215659339,396,5,"poor neighborhood"
107.872833137187,7.40133632178385,1.56201960798353,1.2575127100572,397,5,"poor neighborhood"
114.34918216118,4.67318817046853,6.75218760222197,1.68677725736052,398,5,"poor neighborhood"
79.9981264903404,7.56495172624528,2.19506936194375,1.99728856864385,399,5,"poor neighborhood"
102.077820165887,10.4543927758225,4.19708011159673,3.85539702628739,400,5,"poor neighborhood"
129.558895268969,6.88384843466185,6.551984264981,3.96989675587974,401,5,"poor neighborhood"
61.5466373037183,4.50277192544088,1.05777710536495,2.3154808380641,402,5,"poor neighborhood"
95.8544296106316,5.19295771941297,3.9000172028318,3.09970965282992,403,5,"poor neighborhood"
119.801618143034,4.13213811739652,5.54334699269384,3.66723086684942,404,5,"poor neighborhood"
138.018131165629,9.35733573490313,6.47255583200604,3.50247841957025,405,5,"poor neighborhood"
74.4372244552856,-0.917559238260248,5.66481572017074,3.20326438127086,406,5,"poor neighborhood"
96.5349077287768,5.16177647839823,6.84475641604513,2.94070992222987,407,5,"poor neighborhood"
74.3723250682413,5.22027560923444,1.97248482191935,3.52863480290398,408,5,"poor neighborhood"
82.5064231080656,5.42689665262531,2.87041041767225,1.47892375499941,409,5,"poor neighborhood"
83.2016129025065,1.88436077473536,3.63913837494329,2.09111868217587,410,5,"poor neighborhood"
107.622869399449,5.43242309251552,4.90692659886554,1.82527752663009,411,5,"poor neighborhood"
103.983493311237,5.37532763405288,5.14359322236851,1.37438356759958,412,5,"poor neighborhood"
96.6380543530412,7.5172442504272,2.19451130880043,2.69688084721565,413,5,"poor neighborhood"
110.052915977538,6.04703556181793,5.79788088332862,3.01972066890448,414,5,"poor neighborhood"
116.489465304469,7.23090855495992,5.61843910394236,1.00510939024389,415,5,"poor neighborhood"
95.216311693716,3.08499551565906,4.95609406614676,3.40276366728358,416,5,"poor neighborhood"
82.2490657053759,4.75118884028914,1.84074674453586,1.59472859720699,417,5,"poor neighborhood"
122.361245432564,5.38347565809994,5.00963216228411,3.00023631681688,418,5,"poor neighborhood"
72.3542111068635,5.54443450120669,1.91400480875745,3.36320292623714,419,5,"poor neighborhood"
106.780419898409,3.61237107265349,4.46727273287252,3.85654441313818,420,5,"poor neighborhood"
120.782937011491,7.95834384170427,4.68178146984428,2.14803273230791,421,5,"poor neighborhood"
58.564872606737,3.77646595671446,1.90434787562117,2.57913304422982,422,5,"poor neighborhood"
77.12147879461,1.7713800512813,4.21707245381549,2.16506234486587,423,5,"poor neighborhood"
94.7100251152504,5.80498022118134,4.42884656693786,1.39518280071206,424,5,"poor neighborhood"
97.0620968823017,6.32911089457897,4.62147689238191,3.42315525561571,425,5,"poor neighborhood"
103.540516944278,6.88825414198987,6.04814096167684,3.05874906410463,426,5,"poor neighborhood"
81.0726947739434,3.10747840458342,4.16583091113716,1.87929552723654,427,5,"poor neighborhood"
77.0611093647146,4.50342310152221,2.47367160115391,2.25984685961157,428,5,"poor neighborhood"
70.2623404607234,2.34312706292185,2.79115767078474,3.20578316203319,429,5,"poor neighborhood"
97.8593376368894,6.68952748419783,6.07688739849254,3.54946373659186,430,5,"poor neighborhood"
99.5792046428096,5.6953934648773,3.68921944731846,1.23239376605488,431,5,"poor neighborhood"
119.187888106753,6.82752517286221,5.18437640601769,1.85159276379272,432,5,"poor neighborhood"
126.700624011307,6.21654910676136,6.68440546607599,1.32944496674463,433,5,"poor neighborhood"
98.8675774064996,3.78490402439103,4.43851141398773,1.66581759462133,434,5,"poor neighborhood"
97.3006320188284,5.35931614174369,3.95716753881425,1.14116480015218,435,5,"poor neighborhood"
89.3120883812442,1.18318116116525,3.9835486067459,1.18263144488446,436,5,"poor neighborhood"
74.0196684049789,6.00589251537819,1.56201960798353,2.60089058801532,437,5,"poor neighborhood"
110.594686954445,6.937798306957,6.75218760222197,1.29489877331071,438,5,"poor neighborhood"
76.5650208640843,3.24852574845335,2.19506936194375,2.25503912637942,439,5,"poor neighborhood"
78.3811027109255,0.72795092260399,4.19708011159673,1.36220920598134,440,5,"poor neighborhood"
94.033378517746,3.50696709652646,5.88305875007063,1.19722561584786,441,6,"poor neighborhood"
78.6392745764639,5.07321224086385,1.73426743037999,1.31176573224366,442,6,"poor neighborhood"
121.006871580675,5.6466192484061,5.69022039417177,3.81435575406067,443,6,"poor neighborhood"
79.798633623343,5.75935206480318,2.21219068858773,3.81751664169133,444,6,"poor neighborhood"
123.058508614565,6.75311299159072,5.96129077672958,3.73255497775972,445,6,"poor neighborhood"
90.1973816578771,6.86677597513927,1.12987859267741,1.43368348944932,446,6,"poor neighborhood"
79.9245215630976,0.142384954635164,2.09036283846945,1.59896366624162,447,6,"poor neighborhood"
119.22888268669,8.45598804684233,3.91918149264529,2.98576987418346,448,6,"poor neighborhood"
124.219252398378,5.91200529255442,6.95200201077387,1.75440695253201,449,6,"poor neighborhood"
79.8377155510583,3.8592793085087,2.10247262660414,3.50884087430313,450,6,"poor neighborhood"
76.6068429796611,2.77075119564406,1.02843926101923,1.54543111054227,451,6,"poor neighborhood"
95.5093629283083,6.81012853112779,1.70893658418208,3.84382000379264,452,6,"poor neighborhood"
102.594128535704,5.65619203096827,4.0164276137948,2.33709083381109,453,6,"poor neighborhood"
106.226790986498,7.15617992009564,2.96155632799491,3.58818787848577,454,6,"poor neighborhood"
116.370686125491,4.879368892595,4.28205057652667,1.92451660451479,455,6,"poor neighborhood"
127.689064624126,4.51296247607375,5.27075542183593,3.64382399921305,456,6,"poor neighborhood"
118.328343370401,9.48284512137655,3.64301023026928,2.63452420174144,457,6,"poor neighborhood"
86.4408463431952,0.928014058288337,4.22248515859246,2.91166065214202,458,6,"poor neighborhood"
115.885832633916,5.78182893016568,5.6363902320154,1.09114420390688,459,6,"poor neighborhood"
136.408547504391,5.76962668579931,5.34670362714678,2.22789780516177,460,6,"poor neighborhood"
117.24982653187,5.87739119908279,4.29613684117794,2.68896099645644,461,6,"poor neighborhood"
81.1415484972964,6.11628180409314,2.48174245050177,1.42029928183183,462,6,"poor neighborhood"
85.8251583354109,4.44718723404511,2.30961023131385,2.51862505963072,463,6,"poor neighborhood"
99.5688018953487,7.33257615796446,4.84953029034659,2.69529455737211,464,6,"poor neighborhood"
96.0133862257526,0.0914455301252266,6.52441042149439,1.16419715597294,465,6,"poor neighborhood"
122.548442844043,3.38886748109087,6.62502359924838,3.12756530079059,466,6,"poor neighborhood"
89.9872924385619,4.76171089875995,3.30647590290755,2.82614690996706,467,6,"poor neighborhood"
77.9526701615752,5.32643246827759,1.8753842972219,1.45412237197161,468,6,"poor neighborhood"
131.048992473368,5.81295901552583,5.37576295202598,2.56573570007458,469,6,"poor neighborhood"
101.556171642369,6.27867999128862,3.92044503800571,3.37993745109998,470,6,"poor neighborhood"
88.1579786466965,1.9829647252553,2.5152553752996,2.22646940383129,471,6,"poor neighborhood"
120.348169122547,5.01534120879405,5.96677383920178,1.94758581067435,472,6,"poor neighborhood"
103.863995128468,6.04833604400077,1.8675936688669,2.48418285558,473,6,"poor neighborhood"
132.322551412673,7.65267174314158,4.56728424364701,2.94679001229815,474,6,"poor neighborhood"
105.765197899255,4.77286453113487,2.63386557344347,2.94958740542643,475,6,"poor neighborhood"
151.612122951321,8.19829895679371,6.64363345969468,2.50690775201656,476,6,"poor neighborhood"
90.2757583112694,4.43694380214364,1.87175186257809,2.90680165868253,477,6,"poor neighborhood"
122.940191779707,4.90020372217899,6.46566076949239,2.08848220901564,478,6,"poor neighborhood"
104.974415241265,5.32042825464225,5.21812039474025,1.99903433118016,479,6,"poor neighborhood"
77.2767379709386,3.99523887518934,2.65972529537976,1.12365391128697,480,6,"poor neighborhood"
119.864387678465,6.43187609755238,5.88305875007063,3.62489416939206,481,6,"poor neighborhood"
74.1128241348599,2.30842539367358,1.73426743037999,2.55569502804428,482,6,"poor neighborhood"
106.62178017823,4.9887128693957,5.69022039417177,2.45628703036346,483,6,"poor neighborhood"
94.3743452014915,3.91891490052093,2.21219068858773,1.39312247512862,484,6,"poor neighborhood"
104.944280043459,3.90585251830064,5.96129077672958,2.33796739857644,485,6,"poor neighborhood"
98.9844469682993,7.30289077408887,1.12987859267741,1.65170975564979,486,6,"poor neighborhood"
111.296938275798,7.10443936389182,2.09036283846945,3.48271911940537,487,6,"poor neighborhood"
108.977778444133,8.19605305740532,3.91918149264529,3.40693251579069,488,6,"poor neighborhood"
133.71774967794,4.47240641378308,6.95200201077387,3.51823396608233,489,6,"poor neighborhood"
71.675314950682,5.06480157509383,2.10247262660414,3.88334921631031,490,6,"poor neighborhood"
70.188552710183,1.89683338462818,1.02843926101923,1.72526368987747,491,6,"poor neighborhood"
100.580229391177,4.22364113995095,1.70893658418208,3.40337098087184,492,6,"poor neighborhood"
127.348594197402,8.52829624436026,4.0164276137948,1.48248541075736,493,6,"poor neighborhood"
102.029564353396,4.16694454487256,2.96155632799491,1.87879902939312,494,6,"poor neighborhood"
88.9814478871476,2.66732262242122,4.28205057652667,1.72063854592852,495,6,"poor neighborhood"
117.259552875392,5.08378913237021,5.27075542183593,2.80222623655573,496,6,"poor neighborhood"
124.981426978097,7.49297826051909,3.64301023026928,1.35952666727826,497,6,"poor neighborhood"
77.4832986306433,1.84405739158331,4.22248515859246,2.85301630129106,498,6,"poor neighborhood"
122.712092490613,4.4923590564218,5.6363902320154,1.1123204221949,499,6,"poor neighborhood"
105.026287345339,5.93566108410123,5.34670362714678,2.87727896054275,500,6,"poor neighborhood"
121.866543632945,8.95505998891169,4.29613684117794,2.8658514956478,501,6,"poor neighborhood"
114.160776892226,3.76878841031275,2.48174245050177,2.45295594609343,502,6,"poor neighborhood"
113.096998219433,8.03884320242219,2.30961023131385,2.32693561119959,503,6,"poor neighborhood"
104.674194258034,4.13420961287638,4.84953029034659,1.37838014774024,504,6,"poor neighborhood"
122.401810547817,2.93796458387657,6.52441042149439,3.21922555123456,505,6,"poor neighborhood"
109.789841860306,2.73133100335458,6.62502359924838,3.13729745382443,506,6,"poor neighborhood"
103.901049479421,4.55780374924494,3.30647590290755,2.4980140295811,507,6,"poor neighborhood"
85.7381939400452,4.95517060219211,1.8753842972219,1.82943292427808,508,6,"poor neighborhood"
87.9325358595531,4.35419634395206,5.37576295202598,2.9763699057512,509,6,"poor neighborhood"
118.638908261186,7.10444631945108,3.92044503800571,1.35669294907711,510,6,"poor neighborhood"
90.7382433960799,5.3790823313904,2.5152553752996,1.92978008557111,511,6,"poor neighborhood"
111.976834115225,4.78834478226825,5.96677383920178,2.86245046718977,512,6,"poor neighborhood"
83.1394339233265,3.79489105493457,1.8675936688669,1.50550132757053,513,6,"poor neighborhood"
109.065213979201,2.40796813747592,4.56728424364701,2.32696327287704,514,6,"poor neighborhood"
79.1400921256471,1.0813467225869,2.63386557344347,3.34526340430602,515,6,"poor neighborhood"
133.464612351512,5.42682346104234,6.64363345969468,2.01027341769077,516,6,"poor neighborhood"
96.9773504473771,5.05067174022247,1.87175186257809,3.33012246573344,517,6,"poor neighborhood"
135.877131836861,7.73004637571988,6.46566076949239,1.35898653883487,518,6,"poor neighborhood"
121.936107218852,5.58218761648971,5.21812039474025,1.12445375230163,519,6,"poor neighborhood"
101.574697302899,6.59443540225218,2.65972529537976,1.95372424228117,520,6,"poor neighborhood"
106.49880951532,5.08197274875132,5.88305875007063,3.42951007513329,521,6,"poor neighborhood"
84.8660395821055,3.36335190074822,1.73426743037999,3.47579374792986,522,6,"poor neighborhood"
95.7297881290537,5.57928128632885,5.69022039417177,1.11425075703301,523,6,"poor neighborhood"
86.4416580743832,5.67957422260223,2.21219068858773,3.45791993313469,524,6,"poor neighborhood"
109.671432136619,3.36521453847313,5.96129077672958,2.44533920381218,525,6,"poor neighborhood"
82.1896064755624,4.94250136954384,1.12987859267741,1.679349119775,526,6,"poor neighborhood"
106.864325212511,9.00156330222399,2.09036283846945,2.03940576501191,527,6,"poor neighborhood"
102.027501668689,2.74146787343075,3.91918149264529,1.42854527104646,528,6,"poor neighborhood"
129.332671753337,7.94435718413945,6.95200201077387,2.3471566690132,529,6,"poor neighborhood"
62.1817250169936,4.5458621670302,2.10247262660414,1.24505780823529,530,6,"poor neighborhood"
107.340076273269,7.96462119248402,1.02843926101923,3.590537867276,531,6,"poor neighborhood"
80.8187143730384,3.31389365102542,1.70893658418208,2.62234184728004,532,6,"poor neighborhood"
102.288018097666,4.8676093450882,4.0164276137948,1.31409952091053,533,6,"poor neighborhood"
97.486577754984,5.62246699671573,2.96155632799491,3.6508451087866,534,6,"poor neighborhood"
88.5086254244161,4.77481954339317,4.28205057652667,2.18595530721359,535,6,"poor neighborhood"
109.917159382146,6.31747767788529,5.27075542183593,1.37361084483564,536,6,"poor neighborhood"
106.695393508932,4.66627699978102,3.64301023026928,3.98399396729656,537,6,"poor neighborhood"
119.4793154773,7.4177469303203,4.22248515859246,3.77860532212071,538,6,"poor neighborhood"
102.816114317463,5.34083886776845,5.6363902320154,1.2089887005277,539,6,"poor neighborhood"
127.869109826867,6.38483927248949,5.34670362714678,3.62324108695611,540,6,"poor neighborhood"
102.338760840509,2.62890612688244,4.29613684117794,1.7963944291696,541,6,"poor neighborhood"
86.4532016452602,3.68322141860591,2.48174245050177,2.87318265391514,542,6,"poor neighborhood"
103.614103075183,7.1790158975831,2.30961023131385,2.45088163460605,543,6,"poor neighborhood"
129.925636355419,6.01757188232132,4.84953029034659,2.57094404147938,544,6,"poor neighborhood"
125.176600648643,4.72818674879915,6.52441042149439,2.73772423737682,545,6,"poor neighborhood"
134.993634496387,4.78243452608621,6.62502359924838,3.58220770070329,546,6,"poor neighborhood"
106.56707395004,6.50980032090928,3.30647590290755,1.89073307695799,547,6,"poor neighborhood"
101.994143072213,4.55237735676007,1.8753842972219,1.87098251353018,548,6,"poor neighborhood"
114.152779540889,5.14991034187985,5.37576295202598,2.18532147747464,549,6,"poor neighborhood"
96.508324366012,1.7080903957,3.92044503800571,1.92467507068068,550,6,"poor neighborhood"
109.406879916317,8.54801873031004,2.5152553752996,3.58255110727623,551,6,"poor neighborhood"
115.254235408567,6.53193583195315,5.96677383920178,2.28166562132537,552,6,"poor neighborhood"
108.01147711082,6.66457568602151,1.8675936688669,2.28485103580169,553,6,"poor neighborhood"
112.430613212258,1.18908495505376,4.56728424364701,2.22022617678158,554,6,"poor neighborhood"
91.9284570609632,4.95832664761117,2.63386557344347,2.79792280471884,555,6,"poor neighborhood"
134.007490691641,4.18213217510356,6.64363345969468,2.71833473281004,556,6,"poor neighborhood"
74.0220008536439,2.24722738684641,1.87175186257809,2.93241459014826,557,6,"poor neighborhood"
139.221725602719,6.45486074878651,6.46566076949239,3.50409327633679,558,6,"poor neighborhood"
116.058050545809,7.46826156247419,5.21812039474025,2.97402576752938,559,6,"poor neighborhood"
92.683707110567,3.89355118824507,2.65972529537976,2.63058759830892,560,6,"poor neighborhood"
108.399418054287,4.54161964414253,5.88305875007063,3.06645645527169,561,6,"poor neighborhood"
91.5329752794926,8.42292397784454,1.73426743037999,1.14229031372815,562,6,"poor neighborhood"
106.679455083394,1.70038419340597,5.69022039417177,2.56535322126001,563,6,"poor neighborhood"
116.409739254265,6.48844157087564,2.21219068858773,3.40818425174803,564,6,"poor neighborhood"
106.906205627605,4.37195735203817,5.96129077672958,1.7177901272662,565,6,"poor neighborhood"
75.6561315184898,4.76937831719109,1.12987859267741,3.91264415578917,566,6,"poor neighborhood"
74.4988599460875,3.77805131445572,2.09036283846945,2.43029946065508,567,6,"poor neighborhood"
109.533109554079,7.19339075803809,3.91918149264529,1.01899304264225,568,6,"poor neighborhood"
120.100910780726,2.74566477783248,6.95200201077387,1.50300380052067,569,6,"poor neighborhood"
109.107882302112,6.92521898487659,2.10247262660414,3.77456695330329,570,6,"poor neighborhood"
102.521386582546,7.81292803246378,1.02843926101923,2.611613311572,571,6,"poor neighborhood"
80.2945201564628,1.7167009822006,1.70893658418208,3.07512290799059,572,6,"poor neighborhood"
88.6214848606354,2.74619161490154,4.0164276137948,2.09187164250761,573,6,"poor neighborhood"
102.205986323744,6.18309096100485,2.96155632799491,3.26676714513451,574,6,"poor neighborhood"
103.882854641829,3.08738176098813,4.28205057652667,2.35870401049033,575,6,"poor neighborhood"
103.463505665104,3.61694022730721,5.27075542183593,1.85612836875953,576,6,"poor neighborhood"
87.4166330079555,4.10929446529728,3.64301023026928,1.40759258414619,577,6,"poor neighborhood"
89.7741321395468,4.31103154334686,4.22248515859246,3.48297108570114,578,6,"poor neighborhood"
149.983554015018,6.40739637049224,5.6363902320154,2.16567738866434,579,6,"poor neighborhood"
91.7661071907207,3.79398847041148,5.34670362714678,3.38055714895017,580,6,"poor neighborhood"
107.24925008501,5.17870082482936,4.29613684117794,1.41374506382272,581,6,"poor neighborhood"
120.853198617227,6.47498927443981,2.48174245050177,2.51844532857649,582,6,"poor neighborhood"
85.5578237036646,1.91924111085646,2.30961023131385,2.02748254057951,583,6,"poor neighborhood"
102.690894989985,3.62073541470238,4.84953029034659,3.56281313556246,584,6,"poor neighborhood"
136.773928429849,6.71958692041886,6.52441042149439,3.10261299950071,585,6,"poor neighborhood"
137.752903657764,4.24696051864846,6.62502359924838,3.27624778519385,586,6,"poor neighborhood"
76.6402698869841,-0.0701669406104592,3.30647590290755,2.78499295911752,587,6,"poor neighborhood"
75.5531551898659,3.28438154276558,1.8753842972219,2.4206178819295,588,6,"poor neighborhood"
137.722092211597,6.63205281385232,5.37576295202598,3.44651147490367,589,6,"poor neighborhood"
119.499990458379,4.14682218154845,3.92044503800571,3.76118536991999,590,6,"poor neighborhood"
80.8580192485934,4.19072631991664,2.5152553752996,3.06164137041196,591,6,"poor neighborhood"
124.694303321809,4.70846155147506,5.96677383920178,3.13858721568249,592,6,"poor neighborhood"
98.404920572259,6.43893273613474,1.8675936688669,2.63375462847762,593,6,"poor neighborhood"
110.657152749737,4.01781849556135,4.56728424364701,2.2580821106676,594,6,"poor neighborhood"
105.929587918062,5.951916876837,2.63386557344347,3.52280885842629,595,6,"poor neighborhood"
127.869203416233,6.14630733610535,6.64363345969468,1.19623358198442,596,6,"poor neighborhood"
84.8511368024072,2.9622808445687,1.87175186257809,3.64994152635336,597,6,"poor neighborhood"
109.757226737434,4.87625553112727,6.46566076949239,3.17372764623724,598,6,"poor neighborhood"
92.9693739420353,3.9233897967911,5.21812039474025,1.24254519026726,599,6,"poor neighborhood"
105.906085294839,5.83390945222153,2.65972529537976,1.30138484854251,600,6,"poor neighborhood"
